size,res,qp_avg,qp_min,qp_max,qp_std,si_avg,si_min,si_max,si_std,ti_avg,ti_min,ti_max,ti_std,blur2_avg,blur2_min,blur2_max,blur2_std,blur3_avg,blur3_min,blur3_max,blur3_std,video
0.643051,2.0,45.339675925925924,42.59805555555555,48.57333333333333,1.5689668537234924,52.80299733333333,29.1738,88.6383,13.234364668780271,38.99093422818792,28.092,51.7948,4.632642216026868,0.7470930232558141,0.5930232558139535,0.8430232558139535,0.07288342039979001,11.480772694094224,1.6756756756756757,21.205128205128204,5.6447838886067,UGC0001_720x1280_30_crf_37.mp4
0.370212,2.0,48.727531481481485,44.0,51.0,1.3937808523358803,46.63589733333333,27.2365,77.0668,10.81178541460473,36.7986711409396,26.311999999999998,50.1542,4.968865985924747,0.7976744186046512,0.6976744186046512,0.877906976744186,0.051939792286020754,12.473462826596451,3.1555555555555554,23.88235294117647,5.609231002109691,UGC0001_720x1280_30_crf_42.mp4
0.24593,2.0,50.462494444444445,48.16833333333334,51.0,0.7606871538002932,39.51355333333333,25.8129,50.441,6.021773147389581,32.93280201342282,17.903,47.5846,5.947850684222665,0.8293604651162789,0.7848837209302325,0.877906976744186,0.03237202828448486,10.991015167103315,7.4393939393939394,15.852941176470589,2.9261407267346926,UGC0001_720x1280_30_crf_47.mp4
