video,mos,mos_pred
UGC0001_720x1280_30_crf_37.mp4,2.5862,2.1600039999999976
UGC0001_720x1280_30_crf_42.mp4,1.4483,1.584846
UGC0001_720x1280_30_crf_47.mp4,1.0345,1.2279489999999993
